[{"model": "admin.logentry", "pk": 1, "fields": {"action_time": "2023-10-06T05:13:17.626Z", "user": 1, "content_type": 10, "object_id": "1", "object_repr": "Behruz", "action_flag": 1, "change_message": "[{\"added\": {}}]"}}, {"model": "admin.logentry", "pk": 2, "fields": {"action_time": "2023-10-06T05:13:23.189Z", "user": 1, "content_type": 10, "object_id": "2", "object_repr": "Abdulla", "action_flag": 1, "change_message": "[{\"added\": {}}]"}}, {"model": "admin.logentry", "pk": 3, "fields": {"action_time": "2023-10-06T05:13:29.104Z", "user": 1, "content_type": 10, "object_id": "3", "object_repr": "Abdulhamid", "action_flag": 1, "change_message": "[{\"added\": {}}]"}}, {"model": "admin.logentry", "pk": 4, "fields": {"action_time": "2023-10-06T05:13:35.665Z", "user": 1, "content_type": 10, "object_id": "4", "object_repr": "Muhammadyunus", "action_flag": 1, "change_message": "[{\"added\": {}}]"}}, {"model": "admin.logentry", "pk": 5, "fields": {"action_time": "2023-10-06T05:13:47.826Z", "user": 1, "content_type": 10, "object_id": "5", "object_repr": "Saidahmad", "action_flag": 1, "change_message": "[{\"added\": {}}]"}}, {"model": "admin.logentry", "pk": 6, "fields": {"action_time": "2023-10-06T05:13:55.840Z", "user": 1, "content_type": 10, "object_id": "6", "object_repr": "Bahodirjon", "action_flag": 1, "change_message": "[{\"added\": {}}]"}}, {"model": "admin.logentry", "pk": 7, "fields": {"action_time": "2023-10-06T05:14:02.248Z", "user": 1, "content_type": 10, "object_id": "7", "object_repr": "Islomjon", "action_flag": 1, "change_message": "[{\"added\": {}}]"}}, {"model": "admin.logentry", "pk": 8, "fields": {"action_time": "2023-10-06T05:14:07.767Z", "user": 1, "content_type": 10, "object_id": "8", "object_repr": "Javohir", "action_flag": 1, "change_message": "[{\"added\": {}}]"}}, {"model": "admin.logentry", "pk": 9, "fields": {"action_time": "2023-10-06T05:14:14.388Z", "user": 1, "content_type": 10, "object_id": "9", "object_repr": "Kamoliddin", "action_flag": 1, "change_message": "[{\"added\": {}}]"}}, {"model": "admin.logentry", "pk": 10, "fields": {"action_time": "2023-10-06T05:14:20.758Z", "user": 1, "content_type": 10, "object_id": "10", "object_repr": "Avaz", "action_flag": 1, "change_message": "[{\"added\": {}}]"}}, {"model": "admin.logentry", "pk": 11, "fields": {"action_time": "2023-10-06T05:14:30.155Z", "user": 1, "content_type": 10, "object_id": "11", "object_repr": "Islomiddin", "action_flag": 1, "change_message": "[{\"added\": {}}]"}}, {"model": "admin.logentry", "pk": 12, "fields": {"action_time": "2023-10-06T05:14:39.677Z", "user": 1, "content_type": 10, "object_id": "12", "object_repr": "Biloliddin", "action_flag": 1, "change_message": "[{\"added\": {}}]"}}, {"model": "admin.logentry", "pk": 13, "fields": {"action_time": "2023-10-06T05:14:47.575Z", "user": 1, "content_type": 10, "object_id": "13", "object_repr": "Tohir", "action_flag": 1, "change_message": "[{\"added\": {}}]"}}, {"model": "admin.logentry", "pk": 14, "fields": {"action_time": "2023-10-06T05:14:55.755Z", "user": 1, "content_type": 10, "object_id": "14", "object_repr": "Ulug'bek", "action_flag": 1, "change_message": "[{\"added\": {}}]"}}, {"model": "admin.logentry", "pk": 15, "fields": {"action_time": "2023-10-06T05:15:10.387Z", "user": 1, "content_type": 10, "object_id": "15", "object_repr": "Dadaxon", "action_flag": 1, "change_message": "[{\"added\": {}}]"}}, {"model": "admin.logentry", "pk": 16, "fields": {"action_time": "2023-10-06T05:15:22.215Z", "user": 1, "content_type": 10, "object_id": "16", "object_repr": "Sheroz", "action_flag": 1, "change_message": "[{\"added\": {}}]"}}, {"model": "admin.logentry", "pk": 17, "fields": {"action_time": "2023-10-06T05:15:40.390Z", "user": 1, "content_type": 9, "object_id": "1", "object_repr": "Said Ahmad", "action_flag": 1, "change_message": "[{\"added\": {}}]"}}, {"model": "admin.logentry", "pk": 18, "fields": {"action_time": "2023-10-06T05:15:57.555Z", "user": 1, "content_type": 9, "object_id": "2", "object_repr": "Tohir Malik", "action_flag": 1, "change_message": "[{\"added\": {}}]"}}, {"model": "admin.logentry", "pk": 19, "fields": {"action_time": "2023-10-06T05:16:15.126Z", "user": 1, "content_type": 9, "object_id": "3", "object_repr": "Karimberdi To'ramurod", "action_flag": 1, "change_message": "[{\"added\": {}}]"}}, {"model": "admin.logentry", "pk": 20, "fields": {"action_time": "2023-10-06T05:16:34.621Z", "user": 1, "content_type": 9, "object_id": "4", "object_repr": "Akrom Malik", "action_flag": 1, "change_message": "[{\"added\": {}}]"}}, {"model": "admin.logentry", "pk": 21, "fields": {"action_time": "2023-10-06T05:16:50.216Z", "user": 1, "content_type": 9, "object_id": "5", "object_repr": "Javlon Jovliyev", "action_flag": 1, "change_message": "[{\"added\": {}}]"}}, {"model": "admin.logentry", "pk": 22, "fields": {"action_time": "2023-10-06T05:17:11.193Z", "user": 1, "content_type": 9, "object_id": "6", "object_repr": "Tina Seelig", "action_flag": 1, "change_message": "[{\"added\": {}}]"}}, {"model": "admin.logentry", "pk": 23, "fields": {"action_time": "2023-10-06T05:17:39.442Z", "user": 1, "content_type": 9, "object_id": "7", "object_repr": "Agata Kristi", "action_flag": 1, "change_message": "[{\"added\": {}}]"}}, {"model": "admin.logentry", "pk": 24, "fields": {"action_time": "2023-10-06T05:18:00.284Z", "user": 1, "content_type": 9, "object_id": "8", "object_repr": "Omina Shenliko'g'lu", "action_flag": 1, "change_message": "[{\"added\": {}}]"}}, {"model": "admin.logentry", "pk": 25, "fields": {"action_time": "2023-10-06T05:18:22.149Z", "user": 1, "content_type": 9, "object_id": "9", "object_repr": "Abdulla Qodiriy", "action_flag": 1, "change_message": "[{\"added\": {}}]"}}, {"model": "admin.logentry", "pk": 26, "fields": {"action_time": "2023-10-06T05:19:08.182Z", "user": 1, "content_type": 9, "object_id": "10", "object_repr": "Alisher Navoiy", "action_flag": 1, "change_message": "[{\"added\": {}}]"}}, {"model": "admin.logentry", "pk": 27, "fields": {"action_time": "2023-10-06T05:19:24.376Z", "user": 1, "content_type": 8, "object_id": "1", "object_repr": "Odina", "action_flag": 1, "change_message": "[{\"added\": {}}]"}}, {"model": "admin.logentry", "pk": 28, "fields": {"action_time": "2023-10-06T05:19:29.225Z", "user": 1, "content_type": 8, "object_id": "2", "object_repr": "Madina", "action_flag": 1, "change_message": "[{\"added\": {}}]"}}, {"model": "admin.logentry", "pk": 29, "fields": {"action_time": "2023-10-06T05:19:34.169Z", "user": 1, "content_type": 8, "object_id": "3", "object_repr": "Malika", "action_flag": 1, "change_message": "[{\"added\": {}}]"}}, {"model": "admin.logentry", "pk": 30, "fields": {"action_time": "2023-10-06T05:19:43.258Z", "user": 1, "content_type": 8, "object_id": "4", "object_repr": "Ruxsora", "action_flag": 1, "change_message": "[{\"added\": {}}]"}}, {"model": "admin.logentry", "pk": 31, "fields": {"action_time": "2023-10-06T05:19:48.750Z", "user": 1, "content_type": 8, "object_id": "5", "object_repr": "Jamila", "action_flag": 1, "change_message": "[{\"added\": {}}]"}}, {"model": "admin.logentry", "pk": 32, "fields": {"action_time": "2023-10-06T05:20:01.150Z", "user": 1, "content_type": 7, "object_id": "1", "object_repr": "Ufq", "action_flag": 1, "change_message": "[{\"added\": {}}]"}}, {"model": "admin.logentry", "pk": 33, "fields": {"action_time": "2023-10-06T05:20:11.482Z", "user": 1, "content_type": 7, "object_id": "2", "object_repr": "Qo'rqma", "action_flag": 1, "change_message": "[{\"added\": {}}]"}}, {"model": "admin.logentry", "pk": 34, "fields": {"action_time": "2023-10-06T05:20:22.440Z", "user": 1, "content_type": 7, "object_id": "3", "object_repr": "O'tkan kunlar", "action_flag": 1, "change_message": "[{\"added\": {}}]"}}, {"model": "admin.logentry", "pk": 35, "fields": {"action_time": "2023-10-06T05:35:49.935Z", "user": 1, "content_type": 11, "object_id": "1", "object_repr": "Saidahmad - O'tkan kunlarni 2023-10-06da oldi.", "action_flag": 1, "change_message": "[{\"added\": {}}]"}}, {"model": "admin.logentry", "pk": 36, "fields": {"action_time": "2023-10-06T05:35:58.578Z", "user": 1, "content_type": 11, "object_id": "2", "object_repr": "Islomiddin - Qo'rqmani 2023-10-06da oldi.", "action_flag": 1, "change_message": "[{\"added\": {}}]"}}, {"model": "admin.logentry", "pk": 37, "fields": {"action_time": "2023-10-06T05:36:07.739Z", "user": 1, "content_type": 11, "object_id": "3", "object_repr": "Biloliddin - Ufqni 2023-10-06da oldi.", "action_flag": 1, "change_message": "[{\"added\": {}}]"}}, {"model": "admin.logentry", "pk": 38, "fields": {"action_time": "2023-10-06T06:07:32.863Z", "user": 1, "content_type": 9, "object_id": "11", "object_repr": "Anvar Narzullayev", "action_flag": 1, "change_message": "[{\"added\": {}}]"}}, {"model": "admin.logentry", "pk": 39, "fields": {"action_time": "2023-10-06T06:07:34.274Z", "user": 1, "content_type": 7, "object_id": "4", "object_repr": "Python asoslari", "action_flag": 1, "change_message": "[{\"added\": {}}]"}}, {"model": "admin.logentry", "pk": 40, "fields": {"action_time": "2023-10-06T06:08:06.953Z", "user": 1, "content_type": 9, "object_id": "12", "object_repr": "Nabijon Boqiy", "action_flag": 1, "change_message": "[{\"added\": {}}]"}}, {"model": "admin.logentry", "pk": 41, "fields": {"action_time": "2023-10-06T06:08:08.569Z", "user": 1, "content_type": 7, "object_id": "5", "object_repr": "Qatlnoma", "action_flag": 1, "change_message": "[{\"added\": {}}]"}}, {"model": "admin.logentry", "pk": 42, "fields": {"action_time": "2023-10-06T06:08:19.786Z", "user": 1, "content_type": 7, "object_id": "6", "object_repr": "Chingiz afandiga maktublar", "action_flag": 1, "change_message": "[{\"added\": {}}]"}}, {"model": "admin.logentry", "pk": 43, "fields": {"action_time": "2023-10-06T06:08:31.019Z", "user": 1, "content_type": 7, "object_id": "7", "object_repr": "What I wish I knew when I was", "action_flag": 1, "change_message": "[{\"added\": {}}]"}}, {"model": "admin.logentry", "pk": 44, "fields": {"action_time": "2023-10-06T06:08:50.868Z", "user": 1, "content_type": 7, "object_id": "8", "object_repr": "Imomning maniken qizi", "action_flag": 1, "change_message": "[{\"added\": {}}]"}}, {"model": "admin.logentry", "pk": 45, "fields": {"action_time": "2023-10-06T06:09:22.804Z", "user": 1, "content_type": 7, "object_id": "9", "object_repr": "Qush tili", "action_flag": 1, "change_message": "[{\"added\": {}}]"}}, {"model": "admin.logentry", "pk": 46, "fields": {"action_time": "2023-10-06T06:09:34.897Z", "user": 1, "content_type": 7, "object_id": "10", "object_repr": "Talvasa", "action_flag": 1, "change_message": "[{\"added\": {}}]"}}, {"model": "admin.logentry", "pk": 47, "fields": {"action_time": "2023-10-06T06:09:44.806Z", "user": 1, "content_type": 7, "object_id": "11", "object_repr": "Qadr kechasi", "action_flag": 1, "change_message": "[{\"added\": {}}]"}}, {"model": "admin.logentry", "pk": 48, "fields": {"action_time": "2023-10-06T06:09:54.328Z", "user": 1, "content_type": 7, "object_id": "12", "object_repr": "Halqa", "action_flag": 1, "change_message": "[{\"added\": {}}]"}}, {"model": "admin.logentry", "pk": 49, "fields": {"action_time": "2023-10-06T06:10:05.526Z", "user": 1, "content_type": 7, "object_id": "13", "object_repr": "Jangchi", "action_flag": 1, "change_message": "[{\"added\": {}}]"}}, {"model": "admin.logentry", "pk": 50, "fields": {"action_time": "2023-10-06T06:10:23.054Z", "user": 1, "content_type": 7, "object_id": "14", "object_repr": "Mehrobdan chayon", "action_flag": 1, "change_message": "[{\"added\": {}}]"}}, {"model": "admin.logentry", "pk": 51, "fields": {"action_time": "2023-10-06T06:10:35.807Z", "user": 1, "content_type": 7, "object_id": "15", "object_repr": "Mehmon tuyg'ular", "action_flag": 1, "change_message": "[{\"added\": {}}]"}}, {"model": "admin.logentry", "pk": 52, "fields": {"action_time": "2023-10-06T06:11:27.301Z", "user": 1, "content_type": 9, "object_id": "13", "object_repr": "Shayx Muhammad Sodiq M.Yusuf", "action_flag": 1, "change_message": "[{\"added\": {}}]"}}, {"model": "admin.logentry", "pk": 53, "fields": {"action_time": "2023-10-06T06:11:28.894Z", "user": 1, "content_type": 7, "object_id": "16", "object_repr": "Yolg'on", "action_flag": 1, "change_message": "[{\"added\": {}}]"}}, {"model": "admin.logentry", "pk": 54, "fields": {"action_time": "2023-10-06T06:11:39.226Z", "user": 1, "content_type": 7, "object_id": "17", "object_repr": "Ijtimoiy odoblar", "action_flag": 1, "change_message": "[{\"added\": {}}]"}}, {"model": "admin.logentry", "pk": 55, "fields": {"action_time": "2023-10-06T06:11:52.886Z", "user": 1, "content_type": 11, "object_id": "4", "object_repr": "Ulug'bek - Talvasani 2023-10-06da oldi.", "action_flag": 1, "change_message": "[{\"added\": {}}]"}}, {"model": "admin.logentry", "pk": 56, "fields": {"action_time": "2023-10-06T06:12:01.175Z", "user": 1, "content_type": 11, "object_id": "5", "object_repr": "Tohir - Jangchini 2023-10-06da oldi.", "action_flag": 1, "change_message": "[{\"added\": {}}]"}}, {"model": "admin.logentry", "pk": 57, "fields": {"action_time": "2023-10-06T06:12:10.827Z", "user": 1, "content_type": 11, "object_id": "6", "object_repr": "Avaz - O'tkan kunlarni 2023-10-06da oldi.", "action_flag": 1, "change_message": "[{\"added\": {}}]"}}, {"model": "admin.logentry", "pk": 58, "fields": {"action_time": "2023-10-06T06:12:21.451Z", "user": 1, "content_type": 11, "object_id": "7", "object_repr": "Ulug'bek - Mehrobdan chayonni 2023-10-06da oldi.", "action_flag": 1, "change_message": "[{\"added\": {}}]"}}, {"model": "admin.logentry", "pk": 59, "fields": {"action_time": "2023-10-06T06:12:31.120Z", "user": 1, "content_type": 11, "object_id": "8", "object_repr": "Dadaxon - Python asoslarini 2023-10-06da oldi.", "action_flag": 1, "change_message": "[{\"added\": {}}]"}}, {"model": "admin.logentry", "pk": 60, "fields": {"action_time": "2023-10-06T06:12:37.706Z", "user": 1, "content_type": 11, "object_id": "9", "object_repr": "Javohir - Qadr kechasini 2023-10-06da oldi.", "action_flag": 1, "change_message": "[{\"added\": {}}]"}}, {"model": "admin.logentry", "pk": 61, "fields": {"action_time": "2023-10-06T06:12:44.344Z", "user": 1, "content_type": 11, "object_id": "10", "object_repr": "Sheroz - Python asoslarini 2023-10-06da oldi.", "action_flag": 1, "change_message": "[{\"added\": {}}]"}}, {"model": "admin.logentry", "pk": 62, "fields": {"action_time": "2023-10-06T06:12:51.347Z", "user": 1, "content_type": 11, "object_id": "11", "object_repr": "Biloliddin - Qadr kechasini 2023-10-06da oldi.", "action_flag": 1, "change_message": "[{\"added\": {}}]"}}, {"model": "admin.logentry", "pk": 63, "fields": {"action_time": "2023-10-06T06:12:57.364Z", "user": 1, "content_type": 11, "object_id": "12", "object_repr": "Tohir - Qatlnomani 2023-10-06da oldi.", "action_flag": 1, "change_message": "[{\"added\": {}}]"}}, {"model": "admin.logentry", "pk": 64, "fields": {"action_time": "2023-10-06T06:13:06.387Z", "user": 1, "content_type": 11, "object_id": "13", "object_repr": "Muhammadyunus - Chingiz afandiga maktublarni 2023-10-06da oldi.", "action_flag": 1, "change_message": "[{\"added\": {}}]"}}, {"model": "admin.logentry", "pk": 65, "fields": {"action_time": "2023-10-06T06:13:13.468Z", "user": 1, "content_type": 11, "object_id": "14", "object_repr": "Avaz - Python asoslarini 2023-10-06da oldi.", "action_flag": 1, "change_message": "[{\"added\": {}}]"}}, {"model": "admin.logentry", "pk": 66, "fields": {"action_time": "2023-10-06T06:13:21.856Z", "user": 1, "content_type": 11, "object_id": "15", "object_repr": "Islomiddin - Qadr kechasini 2023-10-06da oldi.", "action_flag": 1, "change_message": "[{\"added\": {}}]"}}, {"model": "admin.logentry", "pk": 67, "fields": {"action_time": "2023-10-06T06:13:32.591Z", "user": 1, "content_type": 11, "object_id": "16", "object_repr": "Islomjon - What I wish I knew when I wasni 2023-10-06da oldi.", "action_flag": 1, "change_message": "[{\"added\": {}}]"}}, {"model": "admin.logentry", "pk": 68, "fields": {"action_time": "2023-10-06T06:13:40.830Z", "user": 1, "content_type": 11, "object_id": "17", "object_repr": "Bahodirjon - Imomning maniken qizini 2023-10-06da oldi.", "action_flag": 1, "change_message": "[{\"added\": {}}]"}}, {"model": "admin.logentry", "pk": 69, "fields": {"action_time": "2023-10-06T06:13:53.931Z", "user": 1, "content_type": 11, "object_id": "18", "object_repr": "Javohir - Halqani 2023-10-06da oldi.", "action_flag": 1, "change_message": "[{\"added\": {}}]"}}, {"model": "auth.permission", "pk": 1, "fields": {"name": "Can add log entry", "content_type": 1, "codename": "add_logentry"}}, {"model": "auth.permission", "pk": 2, "fields": {"name": "Can change log entry", "content_type": 1, "codename": "change_logentry"}}, {"model": "auth.permission", "pk": 3, "fields": {"name": "Can delete log entry", "content_type": 1, "codename": "delete_logentry"}}, {"model": "auth.permission", "pk": 4, "fields": {"name": "Can view log entry", "content_type": 1, "codename": "view_logentry"}}, {"model": "auth.permission", "pk": 5, "fields": {"name": "Can add permission", "content_type": 2, "codename": "add_permission"}}, {"model": "auth.permission", "pk": 6, "fields": {"name": "Can change permission", "content_type": 2, "codename": "change_permission"}}, {"model": "auth.permission", "pk": 7, "fields": {"name": "Can delete permission", "content_type": 2, "codename": "delete_permission"}}, {"model": "auth.permission", "pk": 8, "fields": {"name": "Can view permission", "content_type": 2, "codename": "view_permission"}}, {"model": "auth.permission", "pk": 9, "fields": {"name": "Can add group", "content_type": 3, "codename": "add_group"}}, {"model": "auth.permission", "pk": 10, "fields": {"name": "Can change group", "content_type": 3, "codename": "change_group"}}, {"model": "auth.permission", "pk": 11, "fields": {"name": "Can delete group", "content_type": 3, "codename": "delete_group"}}, {"model": "auth.permission", "pk": 12, "fields": {"name": "Can view group", "content_type": 3, "codename": "view_group"}}, {"model": "auth.permission", "pk": 13, "fields": {"name": "Can add user", "content_type": 4, "codename": "add_user"}}, {"model": "auth.permission", "pk": 14, "fields": {"name": "Can change user", "content_type": 4, "codename": "change_user"}}, {"model": "auth.permission", "pk": 15, "fields": {"name": "Can delete user", "content_type": 4, "codename": "delete_user"}}, {"model": "auth.permission", "pk": 16, "fields": {"name": "Can view user", "content_type": 4, "codename": "view_user"}}, {"model": "auth.permission", "pk": 17, "fields": {"name": "Can add content type", "content_type": 5, "codename": "add_contenttype"}}, {"model": "auth.permission", "pk": 18, "fields": {"name": "Can change content type", "content_type": 5, "codename": "change_contenttype"}}, {"model": "auth.permission", "pk": 19, "fields": {"name": "Can delete content type", "content_type": 5, "codename": "delete_contenttype"}}, {"model": "auth.permission", "pk": 20, "fields": {"name": "Can view content type", "content_type": 5, "codename": "view_contenttype"}}, {"model": "auth.permission", "pk": 21, "fields": {"name": "Can add session", "content_type": 6, "codename": "add_session"}}, {"model": "auth.permission", "pk": 22, "fields": {"name": "Can change session", "content_type": 6, "codename": "change_session"}}, {"model": "auth.permission", "pk": 23, "fields": {"name": "Can delete session", "content_type": 6, "codename": "delete_session"}}, {"model": "auth.permission", "pk": 24, "fields": {"name": "Can view session", "content_type": 6, "codename": "view_session"}}, {"model": "auth.permission", "pk": 25, "fields": {"name": "Can add kitob", "content_type": 7, "codename": "add_kitob"}}, {"model": "auth.permission", "pk": 26, "fields": {"name": "Can change kitob", "content_type": 7, "codename": "change_kitob"}}, {"model": "auth.permission", "pk": 27, "fields": {"name": "Can delete kitob", "content_type": 7, "codename": "delete_kitob"}}, {"model": "auth.permission", "pk": 28, "fields": {"name": "Can view kitob", "content_type": 7, "codename": "view_kitob"}}, {"model": "auth.permission", "pk": 29, "fields": {"name": "Can add kutubxonachi", "content_type": 8, "codename": "add_kutubxonachi"}}, {"model": "auth.permission", "pk": 30, "fields": {"name": "Can change kutubxonachi", "content_type": 8, "codename": "change_kutubxonachi"}}, {"model": "auth.permission", "pk": 31, "fields": {"name": "Can delete kutubxonachi", "content_type": 8, "codename": "delete_kutubxonachi"}}, {"model": "auth.permission", "pk": 32, "fields": {"name": "Can view kutubxonachi", "content_type": 8, "codename": "view_kutubxonachi"}}, {"model": "auth.permission", "pk": 33, "fields": {"name": "Can add muallif", "content_type": 9, "codename": "add_muallif"}}, {"model": "auth.permission", "pk": 34, "fields": {"name": "Can change muallif", "content_type": 9, "codename": "change_muallif"}}, {"model": "auth.permission", "pk": 35, "fields": {"name": "Can delete muallif", "content_type": 9, "codename": "delete_muallif"}}, {"model": "auth.permission", "pk": 36, "fields": {"name": "Can view muallif", "content_type": 9, "codename": "view_muallif"}}, {"model": "auth.permission", "pk": 37, "fields": {"name": "Can add talaba", "content_type": 10, "codename": "add_talaba"}}, {"model": "auth.permission", "pk": 38, "fields": {"name": "Can change talaba", "content_type": 10, "codename": "change_talaba"}}, {"model": "auth.permission", "pk": 39, "fields": {"name": "Can delete talaba", "content_type": 10, "codename": "delete_talaba"}}, {"model": "auth.permission", "pk": 40, "fields": {"name": "Can view talaba", "content_type": 10, "codename": "view_talaba"}}, {"model": "auth.permission", "pk": 41, "fields": {"name": "Can add record", "content_type": 11, "codename": "add_record"}}, {"model": "auth.permission", "pk": 42, "fields": {"name": "Can change record", "content_type": 11, "codename": "change_record"}}, {"model": "auth.permission", "pk": 43, "fields": {"name": "Can delete record", "content_type": 11, "codename": "delete_record"}}, {"model": "auth.permission", "pk": 44, "fields": {"name": "Can view record", "content_type": 11, "codename": "view_record"}}, {"model": "auth.user", "pk": 1, "fields": {"password": "pbkdf2_sha256$600000$cj87W6pyrWojAK5rkvFhIa$/FW1fet82rvR8ix4lKKqojfSS2iuZ5M7AAMQ2lS/ncE=", "last_login": "2023-10-06T05:13:07.193Z", "is_superuser": true, "username": "user", "first_name": "", "last_name": "", "email": "", "is_staff": true, "is_active": true, "date_joined": "2023-10-06T05:09:06.437Z", "groups": [], "user_permissions": []}}, {"model": "contenttypes.contenttype", "pk": 1, "fields": {"app_label": "admin", "model": "logentry"}}, {"model": "contenttypes.contenttype", "pk": 2, "fields": {"app_label": "auth", "model": "permission"}}, {"model": "contenttypes.contenttype", "pk": 3, "fields": {"app_label": "auth", "model": "group"}}, {"model": "contenttypes.contenttype", "pk": 4, "fields": {"app_label": "auth", "model": "user"}}, {"model": "contenttypes.contenttype", "pk": 5, "fields": {"app_label": "contenttypes", "model": "contenttype"}}, {"model": "contenttypes.contenttype", "pk": 6, "fields": {"app_label": "sessions", "model": "session"}}, {"model": "contenttypes.contenttype", "pk": 7, "fields": {"app_label": "asosiy", "model": "kitob"}}, {"model": "contenttypes.contenttype", "pk": 8, "fields": {"app_label": "asosiy", "model": "kutubxonachi"}}, {"model": "contenttypes.contenttype", "pk": 9, "fields": {"app_label": "asosiy", "model": "muallif"}}, {"model": "contenttypes.contenttype", "pk": 10, "fields": {"app_label": "asosiy", "model": "talaba"}}, {"model": "contenttypes.contenttype", "pk": 11, "fields": {"app_label": "asosiy", "model": "record"}}, {"model": "sessions.session", "pk": "4y2r005vfdxepyqzw7q2y48oi5yiqm33", "fields": {"session_data": ".eJxVjEEOwiAQRe_C2hCgQMGl-56BzDCDrZqSlHZlvLtt0oVu33v_v0WCbR3T1nhJE4mr0OLyyxDyk-dD0APme5W5zusyoTwSedomh0r8up3t38EIbdzXWDxE0Laz4Em5SAV7FaPCoLBTZAyT0ZH6kKP3wTjNuthcdsKMxSnx-QLjaTgL:1qod99:NAXhMwnLtMzRj1OJlkB9mtzdZdMusEgnXlx9wJwmELM", "expire_date": "2023-10-20T05:13:07.199Z"}}, {"model": "asosiy.talaba", "pk": 1, "fields": {"ism": "Behruz", "kurs": 2, "kitoblar_soni": 1}}, {"model": "asosiy.talaba", "pk": 2, "fields": {"ism": "Abdulla", "kurs": 3, "kitoblar_soni": 2}}, {"model": "asosiy.talaba", "pk": 3, "fields": {"ism": "Abdulhamid", "kurs": 3, "kitoblar_soni": 0}}, {"model": "asosiy.talaba", "pk": 4, "fields": {"ism": "Muhammadyunus", "kurs": 4, "kitoblar_soni": 2}}, {"model": "asosiy.talaba", "pk": 5, "fields": {"ism": "Saidahmad", "kurs": 2, "kitoblar_soni": 6}}, {"model": "asosiy.talaba", "pk": 6, "fields": {"ism": "Bahodirjon", "kurs": 2, "kitoblar_soni": 5}}, {"model": "asosiy.talaba", "pk": 7, "fields": {"ism": "Islomjon", "kurs": 4, "kitoblar_soni": 1}}, {"model": "asosiy.talaba", "pk": 8, "fields": {"ism": "Javohir", "kurs": 1, "kitoblar_soni": 0}}, {"model": "asosiy.talaba", "pk": 9, "fields": {"ism": "Kamoliddin", "kurs": 1, "kitoblar_soni": 3}}, {"model": "asosiy.talaba", "pk": 10, "fields": {"ism": "Avaz", "kurs": 3, "kitoblar_soni": 8}}, {"model": "asosiy.talaba", "pk": 11, "fields": {"ism": "Islomiddin", "kurs": 3, "kitoblar_soni": 2}}, {"model": "asosiy.talaba", "pk": 12, "fields": {"ism": "Biloliddin", "kurs": 2, "kitoblar_soni": 0}}, {"model": "asosiy.talaba", "pk": 13, "fields": {"ism": "Tohir", "kurs": 4, "kitoblar_soni": 3}}, {"model": "asosiy.talaba", "pk": 14, "fields": {"ism": "Ulug'bek", "kurs": 3, "kitoblar_soni": 4}}, {"model": "asosiy.talaba", "pk": 15, "fields": {"ism": "Dadaxon", "kurs": 4, "kitoblar_soni": 0}}, {"model": "asosiy.talaba", "pk": 16, "fields": {"ism": "Sheroz", "kurs": 4, "kitoblar_soni": 2}}, {"model": "asosiy.muallif", "pk": 1, "fields": {"ism": "Said Ahmad", "jins": "Erkak", "kitoblar_soni": 53, "tugilgan_yil": "1953-04-06", "tirik": false}}, {"model": "asosiy.muallif", "pk": 2, "fields": {"ism": "Tohir Malik", "jins": "Erkak", "kitoblar_soni": 69, "tugilgan_yil": "1952-07-16", "tirik": false}}, {"model": "asosiy.muallif", "pk": 3, "fields": {"ism": "Karimberdi To'ramurod", "jins": "Erkak", "kitoblar_soni": 5, "tugilgan_yil": "1958-09-26", "tirik": true}}, {"model": "asosiy.muallif", "pk": 4, "fields": {"ism": "Akrom Malik", "jins": "Erkak", "kitoblar_soni": 7, "tugilgan_yil": "1983-08-02", "tirik": true}}, {"model": "asosiy.muallif", "pk": 5, "fields": {"ism": "Javlon Jovliyev", "jins": "Erkak", "kitoblar_soni": 2, "tugilgan_yil": "1991-07-28", "tirik": true}}, {"model": "asosiy.muallif", "pk": 6, "fields": {"ism": "Tina Seelig", "jins": "Ayol", "kitoblar_soni": 2, "tugilgan_yil": "1983-11-06", "tirik": true}}, {"model": "asosiy.muallif", "pk": 7, "fields": {"ism": "Agata Kristi", "jins": "Ayol", "kitoblar_soni": 12, "tugilgan_yil": "1963-07-26", "tirik": false}}, {"model": "asosiy.muallif", "pk": 8, "fields": {"ism": "Omina Shenliko'g'lu", "jins": "Ayol", "kitoblar_soni": 59, "tugilgan_yil": "1959-05-13", "tirik": true}}, {"model": "asosiy.muallif", "pk": 9, "fields": {"ism": "Abdulla Qodiriy", "jins": "Erkak", "kitoblar_soni": 14, "tugilgan_yil": "1905-11-06", "tirik": false}}, {"model": "asosiy.muallif", "pk": 10, "fields": {"ism": "Alisher Navoiy", "jins": "Erkak", "kitoblar_soni": 103, "tugilgan_yil": "1941-02-09", "tirik": false}}, {"model": "asosiy.muallif", "pk": 11, "fields": {"ism": "Anvar Narzullayev", "jins": "Erkak", "kitoblar_soni": 1, "tugilgan_yil": "1981-07-12", "tirik": true}}, {"model": "asosiy.muallif", "pk": 12, "fields": {"ism": "Nabijon Boqiy", "jins": "Erkak", "kitoblar_soni": 12, "tugilgan_yil": "1952-12-06", "tirik": true}}, {"model": "asosiy.muallif", "pk": 13, "fields": {"ism": "Shayx Muhammad Sodiq M.Yusuf", "jins": "Erkak", "kitoblar_soni": 137, "tugilgan_yil": "1948-11-03", "tirik": false}}, {"model": "asosiy.kitob", "pk": 1, "fields": {"nom": "Ufq", "janr": "Badiiy", "sahifa": 426, "muallif": 1}}, {"model": "asosiy.kitob", "pk": 2, "fields": {"nom": "Qo'rqma", "janr": "Badiiy", "sahifa": 416, "muallif": 5}}, {"model": "asosiy.kitob", "pk": 3, "fields": {"nom": "O'tkan kunlar", "janr": "Badiiy", "sahifa": 427, "muallif": 9}}, {"model": "asosiy.kitob", "pk": 4, "fields": {"nom": "Python asoslari", "janr": "Ilmiy", "sahifa": 239, "muallif": 11}}, {"model": "asosiy.kitob", "pk": 5, "fields": {"nom": "Qatlnoma", "janr": "Hujjatli", "sahifa": 216, "muallif": 12}}, {"model": "asosiy.kitob", "pk": 6, "fields": {"nom": "Chingiz afandiga maktublar", "janr": "Hujjatli", "sahifa": 217, "muallif": 12}}, {"model": "asosiy.kitob", "pk": 7, "fields": {"nom": "What I wish I knew when I was", "janr": "Ilmiy", "sahifa": 295, "muallif": 6}}, {"model": "asosiy.kitob", "pk": 8, "fields": {"nom": "Imomning maniken qizi", "janr": "Badiiy", "sahifa": 246, "muallif": 8}}, {"model": "asosiy.kitob", "pk": 9, "fields": {"nom": "Qush tili", "janr": "Badiiy", "sahifa": 423, "muallif": 10}}, {"model": "asosiy.kitob", "pk": 10, "fields": {"nom": "Talvasa", "janr": "Badiiy", "sahifa": 426, "muallif": 2}}, {"model": "asosiy.kitob", "pk": 11, "fields": {"nom": "Qadr kechasi", "janr": "Badiiy", "sahifa": 428, "muallif": 3}}, {"model": "asosiy.kitob", "pk": 12, "fields": {"nom": "Halqa", "janr": "Badiiy", "sahifa": 326, "muallif": 4}}, {"model": "asosiy.kitob", "pk": 13, "fields": {"nom": "Jangchi", "janr": "Badiiy", "sahifa": 237, "muallif": 4}}, {"model": "asosiy.kitob", "pk": 14, "fields": {"nom": "Mehrobdan chayon", "janr": "Badiiy", "sahifa": 416, "muallif": 9}}, {"model": "asosiy.kitob", "pk": 15, "fields": {"nom": "Mehmon tuyg'ular", "janr": "Ilmiy", "sahifa": 436, "muallif": 2}}, {"model": "asosiy.kitob", "pk": 16, "fields": {"nom": "Yolg'on", "janr": "Ilmiy", "sahifa": 236, "muallif": 13}}, {"model": "asosiy.kitob", "pk": 17, "fields": {"nom": "Ijtimoiy odoblar", "janr": "Ilmiy", "sahifa": 363, "muallif": 13}}, {"model": "asosiy.kutubxonachi", "pk": 1, "fields": {"ism": "Odina", "ish_vaqti": "09:00-14:00"}}, {"model": "asosiy.kutubxonachi", "pk": 2, "fields": {"ism": "Madina", "ish_vaqti": "14:00-19:00"}}, {"model": "asosiy.kutubxonachi", "pk": 3, "fields": {"ism": "Malika", "ish_vaqti": "13:00-19:00"}}, {"model": "asosiy.kutubxonachi", "pk": 4, "fields": {"ism": "Ruxsora", "ish_vaqti": "14:00-19:00"}}, {"model": "asosiy.kutubxonachi", "pk": 5, "fields": {"ism": "Jamila", "ish_vaqti": "14:00-19:00"}}, {"model": "asosiy.record", "pk": 1, "fields": {"talaba": 5, "kitob": 3, "kutubxonachi": 4, "olingan_sana": "2023-10-06", "qaytarish_sana": "2023-10-06", "qaytardi": true}}, {"model": "asosiy.record", "pk": 2, "fields": {"talaba": 11, "kitob": 2, "kutubxonachi": 4, "olingan_sana": "2023-10-06", "qaytarish_sana": null, "qaytardi": false}}, {"model": "asosiy.record", "pk": 3, "fields": {"talaba": 12, "kitob": 1, "kutubxonachi": 5, "olingan_sana": "2023-10-06", "qaytarish_sana": null, "qaytardi": false}}, {"model": "asosiy.record", "pk": 4, "fields": {"talaba": 14, "kitob": 10, "kutubxonachi": 1, "olingan_sana": "2023-10-06", "qaytarish_sana": null, "qaytardi": false}}, {"model": "asosiy.record", "pk": 5, "fields": {"talaba": 13, "kitob": 13, "kutubxonachi": 2, "olingan_sana": "2023-10-06", "qaytarish_sana": null, "qaytardi": false}}, {"model": "asosiy.record", "pk": 6, "fields": {"talaba": 10, "kitob": 3, "kutubxonachi": 4, "olingan_sana": "2023-10-06", "qaytarish_sana": "2023-10-06", "qaytardi": true}}, {"model": "asosiy.record", "pk": 7, "fields": {"talaba": 14, "kitob": 14, "kutubxonachi": 5, "olingan_sana": "2023-10-06", "qaytarish_sana": "2023-10-06", "qaytardi": true}}, {"model": "asosiy.record", "pk": 8, "fields": {"talaba": 15, "kitob": 4, "kutubxonachi": 3, "olingan_sana": "2023-10-06", "qaytarish_sana": "2023-10-06", "qaytardi": true}}, {"model": "asosiy.record", "pk": 9, "fields": {"talaba": 8, "kitob": 11, "kutubxonachi": 5, "olingan_sana": "2023-10-06", "qaytarish_sana": null, "qaytardi": false}}, {"model": "asosiy.record", "pk": 10, "fields": {"talaba": 16, "kitob": 4, "kutubxonachi": 4, "olingan_sana": "2023-10-06", "qaytarish_sana": null, "qaytardi": false}}, {"model": "asosiy.record", "pk": 11, "fields": {"talaba": 12, "kitob": 11, "kutubxonachi": 5, "olingan_sana": "2023-10-06", "qaytarish_sana": null, "qaytardi": false}}, {"model": "asosiy.record", "pk": 12, "fields": {"talaba": 13, "kitob": 5, "kutubxonachi": 3, "olingan_sana": "2023-10-06", "qaytarish_sana": null, "qaytardi": false}}, {"model": "asosiy.record", "pk": 13, "fields": {"talaba": 4, "kitob": 6, "kutubxonachi": 4, "olingan_sana": "2023-10-06", "qaytarish_sana": "2023-10-06", "qaytardi": true}}, {"model": "asosiy.record", "pk": 14, "fields": {"talaba": 10, "kitob": 4, "kutubxonachi": 3, "olingan_sana": "2023-10-06", "qaytarish_sana": null, "qaytardi": false}}, {"model": "asosiy.record", "pk": 15, "fields": {"talaba": 11, "kitob": 11, "kutubxonachi": 2, "olingan_sana": "2023-10-06", "qaytarish_sana": null, "qaytardi": false}}, {"model": "asosiy.record", "pk": 16, "fields": {"talaba": 7, "kitob": 7, "kutubxonachi": 1, "olingan_sana": "2023-10-06", "qaytarish_sana": null, "qaytardi": false}}, {"model": "asosiy.record", "pk": 17, "fields": {"talaba": 6, "kitob": 8, "kutubxonachi": 1, "olingan_sana": "2023-10-06", "qaytarish_sana": null, "qaytardi": false}}, {"model": "asosiy.record", "pk": 18, "fields": {"talaba": 8, "kitob": 12, "kutubxonachi": 3, "olingan_sana": "2023-10-06", "qaytarish_sana": "2023-10-06", "qaytardi": true}}]